device_label,w_um,l_um,corner,temp_c,id_dropout_a,vth_v,ron_ohm,ron_w_ohm_um,cgate_f,implied_w_um_50ma_300mv,implied_w_um_100ma_200mv,id_stress_a,id_stress_a_per_um,vsg_stress_v,vds_stress_v,vdg_stress_v,vsg_exceeds_3p3v_rating
w1u_l0.4u,1.0000,0.4000,ff,-40,5.735747e-05,0.6090,5230.3562,5230.3562,2.095820e-15,871.73,2615.18,3.998390e-04,3.998390e-04,3.6300,-3.6300,0.0000,YES
w1u_l0.4u,1.0000,0.4000,ff,27,4.972483e-05,0.5435,6033.2031,6033.2031,2.086470e-15,1005.53,3016.60,3.593760e-04,3.593760e-04,3.6300,-3.6300,0.0000,YES
w1u_l0.4u,1.0000,0.4000,ff,125,4.115823e-05,0.4234,7288.9432,7288.9432,2.074450e-15,1214.82,3644.47,3.043650e-04,3.043650e-04,3.6300,-3.6300,0.0000,YES
w1u_l0.4u,1.0000,0.4000,fs,-40,4.386350e-05,0.7218,6839.3995,6839.3995,1.973770e-15,1139.90,3419.70,2.998550e-04,2.998550e-04,3.6300,-3.6300,0.0000,YES
w1u_l0.4u,1.0000,0.4000,fs,27,3.849637e-05,0.6557,7792.9426,7792.9426,1.965100e-15,1298.82,3896.47,2.703050e-04,2.703050e-04,3.6300,-3.6300,0.0000,YES
w1u_l0.4u,1.0000,0.4000,fs,125,3.240602e-05,0.5345,9257.5392,9257.5392,1.954230e-15,1542.92,4628.77,2.317730e-04,2.317730e-04,3.6300,-3.6300,0.0000,YES
w1u_l0.4u,1.0000,0.4000,sf,-40,5.264163e-05,0.6467,5698.9117,5698.9117,2.053770e-15,949.82,2849.46,3.680150e-04,3.680150e-04,3.6300,-3.6300,0.0000,YES
w1u_l0.4u,1.0000,0.4000,sf,27,4.582786e-05,0.5808,6546.2363,6546.2363,2.044640e-15,1091.04,3273.12,3.307110e-04,3.307110e-04,3.6300,-3.6300,0.0000,YES
w1u_l0.4u,1.0000,0.4000,sf,125,3.815698e-05,0.4604,7862.2574,7862.2574,2.032990e-15,1310.38,3931.13,2.808920e-04,2.808920e-04,3.6300,-3.6300,0.0000,YES
w1u_l0.4u,1.0000,0.4000,ss,-40,3.986642e-05,0.7593,7525.1302,7525.1302,1.935650e-15,1254.19,3762.57,2.651490e-04,2.651490e-04,3.6300,-3.6300,0.0000,YES
w1u_l0.4u,1.0000,0.4000,ss,27,3.511271e-05,0.6930,8543.9147,8543.9147,1.927230e-15,1423.99,4271.96,2.394960e-04,2.394960e-04,3.6300,-3.6300,0.0000,YES
w1u_l0.4u,1.0000,0.4000,ss,125,2.969144e-05,0.5714,10103.9222,10103.9222,1.916760e-15,1683.99,5051.96,2.064480e-04,2.064480e-04,3.6300,-3.6300,0.0000,YES
w1u_l0.4u,1.0000,0.4000,tt,-40,4.799409e-05,0.6845,6250.7696,6250.7696,2.013100e-15,1041.79,3125.38,3.338640e-04,3.338640e-04,3.6300,-3.6300,0.0000,YES
w1u_l0.4u,1.0000,0.4000,tt,27,4.196003e-05,0.6185,7149.6612,7149.6612,2.004200e-15,1191.61,3574.83,3.001500e-04,3.001500e-04,3.6300,-3.6300,0.0000,YES
w1u_l0.4u,1.0000,0.4000,tt,125,3.514273e-05,0.4977,8536.6163,8536.6163,1.992930e-15,1422.77,4268.31,2.559330e-04,2.559330e-04,3.6300,-3.6300,0.0000,YES
w1u_l0.5u,1.0000,0.5000,ff,-40,4.405949e-05,0.6393,6808.9758,6808.9758,2.565070e-15,1134.83,3404.49,3.180170e-04,3.180170e-04,3.6300,-3.6300,0.0000,YES
w1u_l0.5u,1.0000,0.5000,ff,27,3.748129e-05,0.5721,8003.9935,8003.9935,2.553520e-15,1334.00,4002.00,2.755770e-04,2.755770e-04,3.6300,-3.6300,0.0000,YES
w1u_l0.5u,1.0000,0.5000,ff,125,3.036518e-05,0.4491,9879.7373,9879.7373,2.538770e-15,1646.62,4939.87,2.251780e-04,2.251780e-04,3.6300,-3.6300,0.0000,YES
w1u_l0.5u,1.0000,0.5000,fs,-40,3.506060e-05,0.7397,8556.6134,8556.6134,2.416690e-15,1426.10,4278.31,2.461490e-04,2.461490e-04,3.6300,-3.6300,0.0000,YES
w1u_l0.5u,1.0000,0.5000,fs,27,3.017564e-05,0.6713,9941.7941,9941.7941,2.406060e-15,1656.97,4970.90,2.151950e-04,2.151950e-04,3.6300,-3.6300,0.0000,YES
w1u_l0.5u,1.0000,0.5000,fs,125,2.482832e-05,0.5467,12082.9762,12082.9762,2.392840e-15,2013.83,6041.49,1.786860e-04,1.786860e-04,3.6300,-3.6300,0.0000,YES
w1u_l0.5u,1.0000,0.5000,sf,-40,4.096944e-05,0.6730,7322.5311,7322.5311,2.513950e-15,1220.42,3661.27,2.949670e-04,2.949670e-04,3.6300,-3.6300,0.0000,YES
w1u_l0.5u,1.0000,0.5000,sf,27,3.498761e-05,0.6051,8574.4639,8574.4639,2.502690e-15,1429.08,4287.23,2.561110e-04,2.561110e-04,3.6300,-3.6300,0.0000,YES
w1u_l0.5u,1.0000,0.5000,sf,125,2.849411e-05,0.4815,10528.4917,10528.4917,2.488440e-15,1754.75,5264.25,2.101850e-04,2.101850e-04,3.6300,-3.6300,0.0000,YES
w1u_l0.5u,1.0000,0.5000,ss,-40,3.228737e-05,0.7734,9291.5589,9291.5589,2.370350e-15,1548.59,4645.78,2.208750e-04,2.208750e-04,3.6300,-3.6300,0.0000,YES
w1u_l0.5u,1.0000,0.5000,ss,27,2.788992e-05,0.7044,10756.5744,10756.5744,2.360060e-15,1792.76,5378.29,1.939160e-04,1.939160e-04,3.6300,-3.6300,0.0000,YES
w1u_l0.5u,1.0000,0.5000,ss,125,2.305230e-05,0.5791,13013.8858,13013.8858,2.347370e-15,2168.98,6506.94,1.621130e-04,1.621130e-04,3.6300,-3.6300,0.0000,YES
w1u_l0.5u,1.0000,0.5000,tt,-40,3.788439e-05,0.7066,7918.8288,7918.8288,2.464510e-15,1319.80,3959.41,2.703610e-04,2.703610e-04,3.6300,-3.6300,0.0000,YES
w1u_l0.5u,1.0000,0.5000,tt,27,3.248422e-05,0.6383,9235.2533,9235.2533,2.453560e-15,1539.21,4617.63,2.354150e-04,2.354150e-04,3.6300,-3.6300,0.0000,YES
w1u_l0.5u,1.0000,0.5000,tt,125,2.659839e-05,0.5143,11278.8782,11278.8782,2.439820e-15,1879.81,5639.44,1.942600e-04,1.942600e-04,3.6300,-3.6300,0.0000,YES
w1u_l1.0u,1.0000,1.0000,ff,-40,2.090006e-05,0.6827,14354.0258,14354.0258,4.929190e-15,2392.34,7177.01,1.510560e-04,1.510560e-04,3.6300,-3.6300,0.0000,YES
w1u_l1.0u,1.0000,1.0000,ff,27,1.723384e-05,0.6134,17407.6120,17407.6120,4.904260e-15,2901.27,8703.81,1.264600e-04,1.264600e-04,3.6300,-3.6300,0.0000,YES
w1u_l1.0u,1.0000,1.0000,ff,125,1.351513e-05,0.4874,22197.3448,22197.3448,4.872430e-15,3699.56,11098.67,9.991360e-05,9.991360e-05,3.6300,-3.6300,0.0000,YES
w1u_l1.0u,1.0000,1.0000,fs,-40,1.790572e-05,0.7673,16754.4226,16754.4226,4.650760e-15,2792.40,8377.21,1.273330e-04,1.273330e-04,3.6300,-3.6300,0.0000,YES
w1u_l1.0u,1.0000,1.0000,fs,27,1.485601e-05,0.6964,20193.8475,20193.8475,4.627570e-15,3365.64,10096.92,1.072530e-04,1.072530e-04,3.6300,-3.6300,0.0000,YES
w1u_l1.0u,1.0000,1.0000,fs,125,1.175738e-05,0.5682,25515.8887,25515.8887,4.598610e-15,4252.65,12757.94,8.553850e-05,8.553850e-05,3.6300,-3.6300,0.0000,YES
w1u_l1.0u,1.0000,1.0000,sf,-40,1.990353e-05,0.7109,15072.7032,15072.7032,4.833260e-15,2512.12,7536.35,1.434410e-04,1.434410e-04,3.6300,-3.6300,0.0000,YES
w1u_l1.0u,1.0000,1.0000,sf,27,1.644197e-05,0.6409,18245.9888,18245.9888,4.808900e-15,3041.00,9122.99,1.202580e-04,1.202580e-04,3.6300,-3.6300,0.0000,YES
w1u_l1.0u,1.0000,1.0000,sf,125,1.293090e-05,0.5142,23200.2413,23200.2413,4.778010e-15,3866.71,11600.12,9.524890e-05,9.524890e-05,3.6300,-3.6300,0.0000,YES
w1u_l1.0u,1.0000,1.0000,ss,-40,1.691798e-05,0.7955,17732.6135,17732.6135,4.563810e-15,2955.44,8866.31,1.187760e-04,1.187760e-04,3.6300,-3.6300,0.0000,YES
w1u_l1.0u,1.0000,1.0000,ss,27,1.406990e-05,0.7243,21322.1132,21322.1132,4.541240e-15,3553.69,10661.06,1.003740e-04,1.003740e-04,3.6300,-3.6300,0.0000,YES
w1u_l1.0u,1.0000,1.0000,ss,125,1.117118e-05,0.5953,26854.8175,26854.8175,4.513290e-15,4475.80,13427.41,8.041360e-05,8.041360e-05,3.6300,-3.6300,0.0000,YES
w1u_l1.0u,1.0000,1.0000,tt,-40,1.889558e-05,0.7389,15876.7288,15876.7288,4.740500e-15,2646.12,7938.36,1.354430e-04,1.354430e-04,3.6300,-3.6300,0.0000,YES
w1u_l1.0u,1.0000,1.0000,tt,27,1.564171e-05,0.6688,19179.4887,19179.4887,4.716720e-15,3196.58,9589.74,1.137870e-04,1.137870e-04,3.6300,-3.6300,0.0000,YES
w1u_l1.0u,1.0000,1.0000,tt,125,1.233959e-05,0.5412,24311.9909,24311.9909,4.686790e-15,4052.00,12156.00,9.041310e-05,9.041310e-05,3.6300,-3.6300,0.0000,YES
w300u_l0.5u,300.0000,0.5000,ff,-40,1.147768e-02,0.6529,26.1377,7841.3059,7.404010e-13,1306.88,3920.65,8.501650e-02,2.833883e-04,3.6300,-3.6300,0.0000,YES
w300u_l0.5u,300.0000,0.5000,ff,27,9.982072e-03,0.5876,30.0539,9016.1642,7.370490e-13,1502.69,4508.08,7.460770e-02,2.486923e-04,3.6300,-3.6300,0.0000,YES
w300u_l0.5u,300.0000,0.5000,ff,125,8.307844e-03,0.4680,36.1105,10833.1355,7.327640e-13,1805.52,5416.57,6.220650e-02,2.073550e-04,3.6300,-3.6300,0.0000,YES
w300u_l0.5u,300.0000,0.5000,fs,-40,9.263471e-03,0.7450,32.3853,9715.5807,6.984450e-13,1619.26,4857.79,6.623840e-02,2.207947e-04,3.6300,-3.6300,0.0000,YES
w300u_l0.5u,300.0000,0.5000,fs,27,8.131269e-03,0.6784,36.8946,11068.3831,6.953400e-13,1844.73,5534.19,5.866740e-02,1.955580e-04,3.6300,-3.6300,0.0000,YES
w300u_l0.5u,300.0000,0.5000,fs,125,6.853715e-03,0.5570,43.7719,13131.5644,6.914630e-13,2188.59,6565.78,4.964900e-02,1.654967e-04,3.6300,-3.6300,0.0000,YES
w300u_l0.5u,300.0000,0.5000,sf,-40,1.072356e-02,0.6835,27.9758,8392.7352,7.259510e-13,1398.79,4196.37,7.895940e-02,2.631980e-04,3.6300,-3.6300,0.0000,YES
w300u_l0.5u,300.0000,0.5000,sf,27,9.354605e-03,0.6178,32.0698,9620.9300,7.226800e-13,1603.49,4810.47,6.945750e-02,2.315250e-04,3.6300,-3.6300,0.0000,YES
w300u_l0.5u,300.0000,0.5000,sf,125,7.819091e-03,0.4976,38.3676,11510.2894,7.185280e-13,1918.38,5755.14,5.815850e-02,1.938617e-04,3.6300,-3.6300,0.0000,YES
w300u_l0.5u,300.0000,0.5000,ss,-40,8.568287e-03,0.7758,35.0128,10503.8498,6.853340e-13,1750.64,5251.92,5.959910e-02,1.986637e-04,3.6300,-3.6300,0.0000,YES
w300u_l0.5u,300.0000,0.5000,ss,27,7.543202e-03,0.7089,39.7709,11931.2727,6.823170e-13,1988.55,5965.64,5.301120e-02,1.767040e-04,3.6300,-3.6300,0.0000,YES
w300u_l0.5u,300.0000,0.5000,ss,125,6.381540e-03,0.5867,47.0106,14103.1789,6.785830e-13,2350.53,7051.59,4.513920e-02,1.504640e-04,3.6300,-3.6300,0.0000,YES
w300u_l0.5u,300.0000,0.5000,tt,-40,9.965573e-03,0.7144,30.1036,9031.0913,7.119720e-13,1505.18,4515.55,7.253040e-02,2.417680e-04,3.6300,-3.6300,0.0000,YES
w300u_l0.5u,300.0000,0.5000,tt,27,8.721031e-03,0.6483,34.3996,10319.8808,7.087830e-13,1719.98,5159.94,6.399300e-02,2.133100e-04,3.6300,-3.6300,0.0000,YES
w300u_l0.5u,300.0000,0.5000,tt,125,7.321465e-03,0.5274,40.9754,12292.6218,7.047670e-13,2048.77,6146.31,5.385570e-02,1.795190e-04,3.6300,-3.6300,0.0000,YES
